{"weights": {"0": 0.3602150537634409, "1": 0.43410852713178294, "2": 0.5483870967741935, "3": 0.24210526315789474, "4": 0.40350877192982454, "5": 1.7391304347826086, "6": 2.1724137931034484, "7": 6.193548387096774, "8": 0.012658227848101266, "9": 0.08333333333333333, "10": 1.6470588235294117, "11": 1.2244897959183674, "12": 0.7982456140350878, "13": 0.18604651162790697, "14": 3.0, "15": 0.48854961832061067, "16": 1.2522522522522523, "17": 3.767857142857143, "18": 2.8933333333333335, "19": 0.09174311926605505, "20": 0.11538461538461539, "21": 4.1020408163265305, "22": 0.0650887573964497, "23": 0.2714285714285714, "24": 4.162790697674419, "25": 0.15757575757575756, "26": 3.147727272727273, "27": 4.878787878787879, "28": 3.175675675675676, "29": 0.8535031847133758, "30": 3.8285714285714287, "31": 0.10714285714285714, "32": 0.5263157894736842, "33": 2.0510204081632653, "34": 0.8571428571428571, "35": 2.206896551724138, "36": 0.14285714285714285, "37": 0.14606741573033707, "38": 0.09821428571428571, "39": 0.052980132450331126, "40": 0.6741573033707865, "41": 1.3829787234042554, "42": 1.0672268907563025, "43": 0.06976744186046512, "44": 0.14583333333333334, "45": 0.03225806451612903, "46": 0.5984848484848485, "47": 0.06666666666666667, "48": 0.7846153846153846, "49": 1.547945205479452, "50": 0.11538461538461539, "51": 5.303030303030303, "52": 0.18354430379746836, "53": 2.558139534883721, "54": 2.4545454545454546, "55": 0.22164948453608246, "56": 2.0, "57": 0.027777777777777776, "58": 0.12727272727272726, "59": 0.7380952380952381, "60": 0.49504950495049505, "61": 0.16666666666666666, "62": 0.2894736842105263, "63": 0.6944444444444444, "64": 0.08771929824561403, "65": 1.8522727272727273, "66": 2.8484848484848486, "67": 0.265625, "68": 0.12244897959183673, "69": 3.825, "70": 0.33540372670807456, "71": 0.5723684210526315, "72": 1.84, "73": 0.09090909090909091, "74": 0.09941520467836257, "75": 0.07482993197278912, "76": 0.08823529411764706, "77": 1.5274725274725274, "78": 6.333333333333333, "79": 0.14285714285714285, "80": 1.6741573033707866, "81": 0.18333333333333332, "82": 3.5441176470588234, "83": 1.7419354838709677, "84": 0.11627906976744186, "85": 4.705882352941177, "86": 1.7794117647058822, "87": 0.10344827586206896, "88": 3.0606060606060606, "89": 1.6883116883116882, "90": 0.9902912621359223, "91": 0.23976608187134502, "92": 0.6056338028169014, "93": 0.1016949152542373, "94": 0.3548387096774194, "95": 0.6796116504854369, "96": 0.09259259259259259, "97": 1.1650485436893203, "98": 0.31, "99": 2.6097560975609757}, "counts": {"0": 67.0, "1": 56.0, "2": 34.0, "3": 46.0, "4": 46.0, "5": 69.0, "6": 87.0, "7": 31.0, "8": 1.0, "9": 6.0, "10": 102.0, "11": 98.0, "12": 91.0, "13": 8.0, "14": 34.0, "15": 64.0, "16": 111.0, "17": 56.0, "18": 75.0, "19": 10.0, "20": 9.0, "21": 49.0, "22": 11.0, "23": 19.0, "24": 43.0, "25": 26.0, "26": 88.0, "27": 33.0, "28": 74.0, "29": 134.0, "30": 70.0, "31": 6.0, "32": 50.0, "33": 98.0, "34": 72.0, "35": 87.0, "36": 2.0, "37": 13.0, "38": 11.0, "39": 8.0, "40": 120.0, "41": 47.0, "42": 119.0, "43": 3.0, "44": 7.0, "45": 3.0, "46": 79.0, "47": 3.0, "48": 102.0, "49": 73.0, "50": 12.0, "51": 33.0, "52": 29.0, "53": 43.0, "54": 55.0, "55": 43.0, "56": 61.0, "57": 2.0, "58": 14.0, "59": 62.0, "60": 50.0, "61": 3.0, "62": 44.0, "63": 25.0, "64": 5.0, "65": 88.0, "66": 66.0, "67": 34.0, "68": 12.0, "69": 40.0, "70": 54.0, "71": 87.0, "72": 100.0, "73": 4.0, "74": 17.0, "75": 11.0, "76": 9.0, "77": 91.0, "78": 21.0, "79": 24.0, "80": 89.0, "81": 22.0, "82": 68.0, "83": 93.0, "84": 10.0, "85": 34.0, "86": 68.0, "87": 6.0, "88": 66.0, "89": 77.0, "90": 102.0, "91": 41.0, "92": 86.0, "93": 12.0, "94": 55.0, "95": 70.0, "96": 10.0, "97": 103.0, "98": 31.0, "99": 41.0}, "features": ["log_trk_pt", "trk_eta"]}